fold,train_end,pred_start,pred_end,n_dates,ic_lgbm,ic_xgb,ic_ridge,mean_ic,ic_pos_rate
1,2018-04-01,2018-04-01,2018-07-01,13,0.09816,0.10152,0.06534,0.10165,0.923
2,2018-07-01,2018-07-01,2018-10-01,13,0.05445,0.03275,-0.01046,0.02774,0.615
3,2018-10-01,2018-10-01,2019-01-01,13,0.05589,0.0608,0.0772,0.07079,0.538
4,2019-01-01,2019-01-01,2019-04-01,13,0.08021,0.07486,0.00526,0.05465,0.615
5,2019-04-01,2019-04-01,2019-07-01,13,0.10551,0.10676,0.09217,0.1123,0.769
6,2019-07-01,2019-07-01,2019-10-01,13,0.09222,0.08286,0.11713,0.10019,0.692
7,2019-10-01,2019-10-01,2020-01-01,13,-0.00287,-0.00226,-0.07608,-0.02712,0.385
8,2020-01-01,2020-01-01,2020-04-01,13,0.07931,0.09269,0.07721,0.08914,0.692
9,2020-04-01,2020-04-01,2020-07-01,13,0.12755,0.12223,0.10607,0.13026,0.846
10,2020-07-01,2020-07-01,2020-10-01,13,0.0357,0.03168,0.00928,0.0243,0.538
11,2020-10-01,2020-10-01,2021-01-01,13,-0.05521,-0.06931,-0.0265,-0.0546,0.308
12,2021-01-01,2021-01-01,2021-04-01,13,0.0146,0.02358,0.10109,0.0475,0.692
13,2021-04-01,2021-04-01,2021-07-01,13,0.09779,0.11347,0.16343,0.13762,0.692
14,2021-07-01,2021-07-01,2021-10-01,13,0.02582,0.01914,-0.0164,0.00687,0.462
15,2021-10-01,2021-10-01,2022-01-01,14,0.01201,-0.00223,0.0021,0.00728,0.357
16,2022-01-01,2022-01-01,2022-04-01,12,-0.11109,-0.12617,-0.14187,-0.13732,0.167
17,2022-04-01,2022-04-01,2022-07-01,13,0.03424,0.03378,0.01396,0.03154,0.769
18,2022-07-01,2022-07-01,2022-10-01,14,0.03486,0.02895,0.00956,0.03197,0.5
19,2022-10-01,2022-10-01,2023-01-01,13,0.05364,0.05424,0.02552,0.04888,0.615
20,2023-01-01,2023-01-01,2023-04-01,13,0.10685,0.10628,0.08066,0.10458,0.769
21,2023-04-01,2023-04-01,2023-07-01,13,0.02326,0.01554,0.02512,0.02244,0.538
22,2023-07-01,2023-07-01,2023-10-01,13,0.00649,0.00627,0.01962,0.01323,0.615
23,2023-10-01,2023-10-01,2024-01-01,13,0.09881,0.09924,0.11427,0.11406,0.692
24,2024-01-01,2024-01-01,2024-04-01,13,0.04689,0.05198,0.03899,0.05116,0.615
25,2024-04-01,2024-04-01,2024-07-01,13,0.05578,0.05826,0.047,0.05585,0.692
26,2024-07-01,2024-07-01,2024-10-01,13,0.10285,0.09476,0.041,0.09027,0.769
27,2024-10-01,2024-10-01,2024-12-06,10,0.02539,0.0062,-0.03349,-9e-05,0.5
